{
    "uav_sod": {
        "mean": [
            0.4853374182355936,
            0.5225501330390363,
            0.5309095288966337
        ],
        "std": [
            0.12676620709299602,
            0.0964798321314381,
            0.07884290346914666
        ]
    }
}