{
    "vis_drone": {
        "mean": [
            0.3743485079837353,
            0.37892374302268234,
            0.36758379920806006
        ],
        "std": [
            0.23283710577728114,
            0.2331090451025419,
            0.2415481252917074
        ]
    }
}