{
    "coco_data": {
        "mean": [
            0.47928803151198257,
            0.4638399879869281,
            0.43787202199564274
        ],
        "std": [
            0.32216629098976957,
            0.32127682484172576,
            0.33415455626487073
        ]
    }
}