{
    "uav_data": {
        "mean": [
            0.47168887769178647,
            0.5133378785061212,
            0.5267694282792925
        ],
        "std": [
            0.12757125130655708,
            0.09660376509464505,
            0.07690925977558358
        ]
    }
}