{
    "vis_data": {
        "mean": [
            0.3989234025664488,
            0.4052450949150327,
            0.4000088585751634
        ],
        "std": [
            0.27154761726824245,
            0.27273376718040454,
            0.27741757650917676
        ]
    }
}