{
    "city_scapes": {
        "mean": [
            0.47227153235729846,
            0.49784953476688454,
            0.4713137383529412
        ],
        "std": [
            0.3667430371016285,
            0.35369455817884704,
            0.3670702551181773
        ]
    }
}