{
    "uav_sod": {
        "mean": [
            0.4671598712262683,
            0.5075707795155099,
            0.5225724830117232
        ],
        "std": [
            0.14301921126825118,
            0.10919978637056779,
            0.08470474251377227
        ]
    }
}