{
    "uav_sod": {
        "mean": [
            0.46716182176574333,
            0.5075719578016392,
            0.5225758033769062
        ],
        "std": [
            0.14302627448436195,
            0.10920631079721493,
            0.08471386810206642
        ]
    }
}