{
    "uav_sod": {
        "mean": [
            0.4705249400035855,
            0.5124487397714393,
            0.5263020697167755
        ],
        "std": [
            0.12793831463319433,
            0.09684635428347929,
            0.07706899741921368
        ]
    }
}