{
    "vis_drone": {
        "mean": [
            0.40274806884006376,
            0.40941007042312794,
            0.40462874366580714
        ],
        "std": [
            0.27346470723488264,
            0.2746328262153407,
            0.2800837318720813
        ]
    }
}